https://www.alltrails.com/trail/canada/british-columbia/stawamus-chief-trail/photos,stawamus-chief-trail
https://www.alltrails.com/trail/canada/british-columbia/grouse-grind-trail/photos,grouse-grind-trail
https://www.alltrails.com/trail/canada/british-columbia/panorama-ridge/photos,panorama-ridge
https://www.alltrails.com/trail/canada/british-columbia/berg-lake-trail/photos,berg-lake-trail
https://www.alltrails.com/trail/canada/british-columbia/mount-seymour-trail/photos,mount-seymour-trail
https://www.alltrails.com/trail/canada/british-columbia/elk-mountain-trail/photos,elk-mountain-trail
https://www.alltrails.com/trail/canada/british-columbia/wedgemount-lake/photos,wedgemount-lake
https://www.alltrails.com/trail/canada/british-columbia/diez-vistas-and-lake-buntzen-loop/photos,diez-vistas-and-lake-buntzen-loop
https://www.alltrails.com/trail/canada/british-columbia/cheam-peak/photos,cheam-peak
https://www.alltrails.com/trail/canada/british-columbia/black-tusk-trail/photos,black-tusk-trail
https://www.alltrails.com/trail/canada/british-columbia/golden-ears-trail/photos,golden-ears-trail
https://www.alltrails.com/trail/canada/british-columbia/pump-peak/photos,pump-peak
https://www.alltrails.com/trail/canada/british-columbia/tunnel-bluffs/photos,tunnel-bluffs
https://www.alltrails.com/trail/canada/british-columbia/evans-peak-trail/photos,evans-peak-trail
https://www.alltrails.com/trail/canada/british-columbia/brunswick-mountain-trail/photos,brunswick-mountain-trail
https://www.alltrails.com/trail/canada/british-columbia/bcmc/photos,bcmc
https://www.alltrails.com/trail/canada/british-columbia/rainbow-lake-trail/photos,rainbow-lake-trail
https://www.alltrails.com/trail/canada/british-columbia/needle-peak-trail/photos,needle-peak-trail
https://www.alltrails.com/trail/canada/british-columbia/the-lions-binkert-trail/photos,the-lions-binkert-trail
https://www.alltrails.com/trail/canada/british-columbia/frosty-mountain/photos,frosty-mountain
https://www.alltrails.com/trail/canada/british-columbia/iceline-trail/photos,iceline-trail
https://www.alltrails.com/trail/canada/british-columbia/flatiron-via-needle-peak-trail/photos,flatiron-via-needle-peak-trail
https://www.alltrails.com/trail/canada/british-columbia/west-coast-trail-south-to-north/photos,west-coast-trail-south-to-north
https://www.alltrails.com/trail/canada/british-columbia/mount-fromme-via-st-georges-and-peer-gynt-trails/photos,mount-fromme-via-st-georges-and-peer-gynt-trails
https://www.alltrails.com/trail/canada/british-columbia/crown-mountain-trail/photos,crown-mountain-trail
https://www.alltrails.com/trail/canada/british-columbia/elk-thurston-mountain-trail/photos,elk-thurston-mountain-trail
https://www.alltrails.com/trail/canada/british-columbia/landslide-lake-via-elk-river-trail/photos,landslide-lake-via-elk-river-trail
https://www.alltrails.com/trail/canada/british-columbia/century-sam-lake/photos,century-sam-lake
https://www.alltrails.com/trail/canada/british-columbia/iceberg-lake-via-19-mile-creek-trail/photos,iceberg-lake-via-19-mile-creek-trail
https://www.alltrails.com/trail/canada/british-columbia/stawamus-chief-first-peak/photos,stawamus-chief-first-peak
https://www.alltrails.com/trail/canada/british-columbia/floe-lake-track/photos,floe-lake-track
https://www.alltrails.com/trail/canada/british-columbia/mount-benson-loop/photos,mount-benson-loop
https://www.alltrails.com/trail/canada/british-columbia/the-rockwall/photos,the-rockwall
https://www.alltrails.com/trail/canada/british-columbia/lynn-peak/photos,lynn-peak
https://www.alltrails.com/trail/canada/british-columbia/mount-finlayson/photos,mount-finlayson
https://www.alltrails.com/trail/canada/british-columbia/the-west-lion-hike/photos,the-west-lion-hike
https://www.alltrails.com/trail/canada/british-columbia/iceline-little-yoho-valley-and-yoho-valley-trail-loop/photos,iceline-little-yoho-valley-and-yoho-valley-trail-loop
https://www.alltrails.com/trail/canada/british-columbia/alouette-mountain-trail/photos,alouette-mountain-trail
https://www.alltrails.com/trail/canada/british-columbia/mount-macfarlane/photos,mount-macfarlane
https://www.alltrails.com/trail/canada/british-columbia/eagle-ridge-trail/photos,eagle-ridge-trail
https://www.alltrails.com/trail/canada/british-columbia/abbott-ridge/photos,abbott-ridge
https://www.alltrails.com/trail/canada/british-columbia/juan-de-fuca-marine-trail/photos,juan-de-fuca-marine-trail
https://www.alltrails.com/trail/canada/british-columbia/mount-prevost-from-drinkwater-road/photos,mount-prevost-from-drinkwater-road
https://www.alltrails.com/trail/canada/british-columbia/mount-strachan--2/photos,mount-strachan--2
https://www.alltrails.com/trail/canada/british-columbia/twin-falls-yoho-national-park/photos,twin-falls-yoho-national-park
https://www.alltrails.com/trail/canada/british-columbia/mount-becher-trail/photos,mount-becher-trail
https://www.alltrails.com/trail/canada/british-columbia/mount-arrowsmith-trail/photos,mount-arrowsmith-trail
https://www.alltrails.com/trail/canada/british-columbia/hope-lookout-trail/photos,hope-lookout-trail
https://www.alltrails.com/trail/canada/british-columbia/eaton-lake/photos,eaton-lake
https://www.alltrails.com/trail/canada/british-columbia/mount-benson-via-gordies-trail/photos,mount-benson-via-gordies-trail
https://www.alltrails.com/trail/canada/british-columbia/high-note-trail/photos,high-note-trail
https://www.alltrails.com/trail/canada/british-columbia/sumas-mountain-trail/photos,sumas-mountain-trail
https://www.alltrails.com/trail/canada/british-columbia/mt-slesse-memorial-site/photos,mt-slesse-memorial-site
https://www.alltrails.com/trail/canada/british-columbia/mt-albert-edward/photos,mt-albert-edward
https://www.alltrails.com/trail/canada/british-columbia/unnecessary-mountain/photos,unnecessary-mountain
https://www.alltrails.com/trail/canada/british-columbia/campbell-lake-trail--2/photos,campbell-lake-trail--2
https://www.alltrails.com/trail/canada/british-columbia/kain-hut-trail-to-applebee-campground/photos,kain-hut-trail-to-applebee-campground
https://www.alltrails.com/trail/canada/british-columbia/mount-harvey/photos,mount-harvey
https://www.alltrails.com/trail/canada/british-columbia/pierce-lake-trail--2/photos,pierce-lake-trail--2
https://www.alltrails.com/trail/canada/british-columbia/south-mount-nutt-via-east-canyon-trail/photos,south-mount-nutt-via-east-canyon-trail
https://www.alltrails.com/trail/canada/british-columbia/flora-lake-trail/photos,flora-lake-trail
https://www.alltrails.com/trail/canada/british-columbia/lake-of-the-hanging-glacier/photos,lake-of-the-hanging-glacier
https://www.alltrails.com/trail/canada/british-columbia/emerald-triangle/photos,emerald-triangle
https://www.alltrails.com/trail/canada/british-columbia/5040-peak-via-cobalt-lake-trail/photos,5040-peak-via-cobalt-lake-trail
https://www.alltrails.com/trail/canada/british-columbia/zoa-peak-trail/photos,zoa-peak-trail
https://www.alltrails.com/trail/canada/british-columbia/frosty-mountain-and-lightning-lakes-chain-trail--3/photos,frosty-mountain-and-lightning-lakes-chain-trail--3
https://www.alltrails.com/trail/canada/british-columbia/mount-crumpit/photos,mount-crumpit
https://www.alltrails.com/trail/canada/british-columbia/bedwell-lake/photos,bedwell-lake
https://www.alltrails.com/trail/canada/british-columbia/widgeon-lake/photos,widgeon-lake
https://www.alltrails.com/trail/canada/british-columbia/mount-outram--2/photos,mount-outram--2
https://www.alltrails.com/trail/canada/british-columbia/black-tusk-trail-via-garibaldi-lake-campground/photos,black-tusk-trail-via-garibaldi-lake-campground
https://www.alltrails.com/trail/canada/british-columbia/hermit-trail/photos,hermit-trail
https://www.alltrails.com/trail/canada/british-columbia/mount-strachan-loop--3/photos,mount-strachan-loop--3
https://www.alltrails.com/trail/canada/british-columbia/east-sooke-coast-trail/photos,east-sooke-coast-trail
https://www.alltrails.com/trail/canada/british-columbia/cpr-trail/photos,cpr-trail
https://www.alltrails.com/trail/canada/british-columbia/asulkan-valley-trail/photos,asulkan-valley-trail
https://www.alltrails.com/trail/canada/british-columbia/lone-goat-mountain-via-skyline-trail/photos,lone-goat-mountain-via-skyline-trail
https://www.alltrails.com/trail/canada/british-columbia/howe-sound-crest-trail-cypress-lodge-to-hwy-99/photos,howe-sound-crest-trail-cypress-lodge-to-hwy-99
https://www.alltrails.com/trail/canada/british-columbia/flute-summit-via-singing-pass/photos,flute-summit-via-singing-pass
https://www.alltrails.com/trail/canada/british-columbia/della-falls/photos,della-falls
https://www.alltrails.com/trail/canada/british-columbia/cape-scott-trail/photos,cape-scott-trail
https://www.alltrails.com/trail/canada/british-columbia/petgill-lake-trail/photos,petgill-lake-trail
https://www.alltrails.com/trail/canada/british-columbia/mount-elsay--2/photos,mount-elsay--2
https://www.alltrails.com/trail/canada/british-columbia/mount-cokely-saddle-of-arrowsmith/photos,mount-cokely-saddle-of-arrowsmith
https://www.alltrails.com/trail/canada/british-columbia/dilly-dally-loop/photos,dilly-dally-loop
https://www.alltrails.com/trail/canada/british-columbia/heather-trail-to-nicomen-lake/photos,heather-trail-to-nicomen-lake
https://www.alltrails.com/trail/canada/british-columbia/pedley-pass-trail/photos,pedley-pass-trail
https://www.alltrails.com/trail/canada/british-columbia/mount-empress-from-sooke-potholes-via-mary-vine-and-todd-creek-trails/photos,mount-empress-from-sooke-potholes-via-mary-vine-and-todd-creek-trails
https://www.alltrails.com/trail/canada/british-columbia/flora-lake-and-lindeman-greendrop-lake-loop/photos,flora-lake-and-lindeman-greendrop-lake-loop
https://www.alltrails.com/trail/canada/british-columbia/mount-fernie-trail/photos,mount-fernie-trail
https://www.alltrails.com/trail/canada/british-columbia/kings-peak/photos,kings-peak
https://www.alltrails.com/trail/canada/british-columbia/goat-ridge/photos,goat-ridge
https://www.alltrails.com/trail/canada/british-columbia/perley-rock-trail/photos,perley-rock-trail
https://www.alltrails.com/trail/canada/british-columbia/gloria-trail/photos,gloria-trail
https://www.alltrails.com/trail/canada/british-columbia/gimli-ridge/photos,gimli-ridge
https://www.alltrails.com/trail/canada/british-columbia/spirit-caves-trail/photos,spirit-caves-trail
https://www.alltrails.com/trail/canada/british-columbia/whistler-mountain-via-pikas-and-mathews-traverse/photos,whistler-mountain-via-pikas-and-mathews-traverse
https://www.alltrails.com/trail/canada/british-columbia/mt-saint-benedict-trail/photos,mt-saint-benedict-trail
https://www.alltrails.com/trail/canada/british-columbia/rohr-mountain-via-marriot-basin-trail/photos,rohr-mountain-via-marriot-basin-trail
https://www.alltrails.com/trail/canada/british-columbia/spineback-via-big-white-trail/photos,spineback-via-big-white-trail
https://www.alltrails.com/trail/canada/british-columbia/severed-d-mtb-loop-via-old-buck-trail/photos,severed-d-mtb-loop-via-old-buck-trail
https://www.alltrails.com/trail/canada/british-columbia/mamquam-lake-trail/photos,mamquam-lake-trail
https://www.alltrails.com/trail/canada/british-columbia/dennett-lake/photos,dennett-lake
https://www.alltrails.com/trail/canada/british-columbia/barrier-lake-and-taylor-meadows/photos,barrier-lake-and-taylor-meadows
https://www.alltrails.com/trail/canada/british-columbia/snowbird-pass/photos,snowbird-pass
https://www.alltrails.com/trail/canada/british-columbia/east-skyline-trail/photos,east-skyline-trail
https://www.alltrails.com/trail/canada/british-columbia/lake-lovely-water-trail/photos,lake-lovely-water-trail
https://www.alltrails.com/trail/canada/british-columbia/south-needle/photos,south-needle
https://www.alltrails.com/trail/canada/british-columbia/brandywine-mountain--2/photos,brandywine-mountain--2
https://www.alltrails.com/trail/canada/british-columbia/yak-peak-trail/photos,yak-peak-trail
https://www.alltrails.com/trail/canada/british-columbia/mount-wesley-via-wesley-ridge/photos,mount-wesley-via-wesley-ridge
https://www.alltrails.com/trail/canada/british-columbia/lady-peak-trail/photos,lady-peak-trail
https://www.alltrails.com/trail/canada/british-columbia/high-falls-creek/photos,high-falls-creek
https://www.alltrails.com/trail/canada/british-columbia/yew-lake-trail-to-howe-sound-crest-trail-loop/photos,yew-lake-trail-to-howe-sound-crest-trail-loop
https://www.alltrails.com/trail/canada/british-columbia/crest-mountain/photos,crest-mountain
https://www.alltrails.com/trail/canada/british-columbia/baden-powell-trail-grouse-mountain-park-to-lynn-valley/photos,baden-powell-trail-grouse-mountain-park-to-lynn-valley
https://www.alltrails.com/trail/canada/british-columbia/mount-elphinstone-summit-trail/photos,mount-elphinstone-summit-trail
https://www.alltrails.com/trail/canada/british-columbia/radium-lake/photos,radium-lake
https://www.alltrails.com/trail/canada/british-columbia/ring-and-conflict-lake/photos,ring-and-conflict-lake
https://www.alltrails.com/trail/canada/british-columbia/emerald-peak-loop--3/photos,emerald-peak-loop--3
https://www.alltrails.com/trail/canada/british-columbia/cypress-lake-via-the-wall-and-lungbuster-trail/photos,cypress-lake-via-the-wall-and-lungbuster-trail
https://www.alltrails.com/trail/canada/british-columbia/baden-powell-trail-lynn-valley-to-grouse-mountain-park/photos,baden-powell-trail-lynn-valley-to-grouse-mountain-park
https://www.alltrails.com/trail/canada/british-columbia/heikos-trail-to-three-sisters-summit/photos,heikos-trail-to-three-sisters-summit
https://www.alltrails.com/trail/canada/alberta/onion-peak/photos,onion-peak
https://www.alltrails.com/trail/canada/british-columbia/swan-falls-loop-trail/photos,swan-falls-loop-trail
https://www.alltrails.com/trail/canada/british-columbia/zupjok-llama-alpaca-peaks/photos,zupjok-llama-alpaca-peaks
https://www.alltrails.com/trail/canada/british-columbia/sky-pilot-trail/photos,sky-pilot-trail
https://www.alltrails.com/trail/canada/british-columbia/assiniboine-lodge-wonder-pass-marvel-lake-and-mount-shark-trailhead--2/photos,assiniboine-lodge-wonder-pass-marvel-lake-and-mount-shark-trailhead--2
https://www.alltrails.com/trail/canada/british-columbia/mount-begbie-trail/photos,mount-begbie-trail
https://www.alltrails.com/trail/canada/british-columbia/twin-lakes/photos,twin-lakes
https://www.alltrails.com/trail/canada/british-columbia/mount-swansea-double-peak-loop/photos,mount-swansea-double-peak-loop
https://www.alltrails.com/trail/canada/british-columbia/munroe-lake/photos,munroe-lake
https://www.alltrails.com/trail/canada/british-columbia/echo-lake-trail/photos,echo-lake-trail
https://www.alltrails.com/trail/canada/british-columbia/little-burn-big-burn-and-heart-burn/photos,little-burn-big-burn-and-heart-burn
https://www.alltrails.com/trail/canada/british-columbia/fisher-peak/photos,fisher-peak
https://www.alltrails.com/trail/canada/british-columbia/eagle-mountain-pass/photos,eagle-mountain-pass
https://www.alltrails.com/trail/canada/british-columbia/elsay-lake-trail/photos,elsay-lake-trail
https://www.alltrails.com/trail/canada/british-columbia/alouette-mountain-via-east-alouette-route/photos,alouette-mountain-via-east-alouette-route
https://www.alltrails.com/trail/canada/british-columbia/niles-meadows/photos,niles-meadows
https://www.alltrails.com/trail/canada/british-columbia/howe-sound-crest-trail--2/photos,howe-sound-crest-trail--2
https://www.alltrails.com/trail/canada/british-columbia/cream-lake-trail/photos,cream-lake-trail
https://www.alltrails.com/trail/canada/british-columbia/bridle-salvation-cabin-cambodia-and-hyannis-trail/photos,bridle-salvation-cabin-cambodia-and-hyannis-trail
https://www.alltrails.com/trail/canada/british-columbia/flora-peak/photos,flora-peak
https://www.alltrails.com/trail/canada/british-columbia/black-mountain-via-baden-powell-trail/photos,black-mountain-via-baden-powell-trail
https://www.alltrails.com/trail/canada/british-columbia/golden-hinde-via-western-mine-road/photos,golden-hinde-via-western-mine-road
https://www.alltrails.com/trail/canada/british-columbia/red-heather-hut/photos,red-heather-hut
https://www.alltrails.com/trail/canada/british-columbia/triple-peak/photos,triple-peak
https://www.alltrails.com/trail/canada/british-columbia/carrot-mountain-loop--2/photos,carrot-mountain-loop--2
https://www.alltrails.com/trail/canada/british-columbia/erin-moore-trail/photos,erin-moore-trail
https://www.alltrails.com/trail/canada/british-columbia/marble-mountain/photos,marble-mountain
https://www.alltrails.com/trail/canada/british-columbia/lomas-lake/photos,lomas-lake
https://www.alltrails.com/trail/canada/british-columbia/baden-powell-trail-horseshoe-bay-to-deep-cove/photos,baden-powell-trail-horseshoe-bay-to-deep-cove
https://www.alltrails.com/trail/canada/british-columbia/upper-pierce-lake-via-pierce-lake-trail/photos,upper-pierce-lake-via-pierce-lake-trail
https://www.alltrails.com/trail/canada/british-columbia/flower-ridge/photos,flower-ridge
https://www.alltrails.com/trail/canada/british-columbia/eagle-mountain-and-cypress-lake/photos,eagle-mountain-and-cypress-lake
https://www.alltrails.com/trail/canada/british-columbia/mount-crickmer--2/photos,mount-crickmer--2
https://www.alltrails.com/trail/canada/british-columbia/eagle-mountain-to-buntzen-lake-trail/photos,eagle-mountain-to-buntzen-lake-trail
https://www.alltrails.com/trail/canada/british-columbia/pinto-mt/photos,pinto-mt
https://www.alltrails.com/trail/canada/british-columbia/brunswick-lake-via-howe-sound-crest-trail/photos,brunswick-lake-via-howe-sound-crest-trail
https://www.alltrails.com/trail/canada/british-columbia/evans-valley-trail/photos,evans-valley-trail
https://www.alltrails.com/trail/canada/british-columbia/mount-price/photos,mount-price
https://www.alltrails.com/trail/canada/british-columbia/pyramid-lake-ladyslipper-and-cathedral-rimn-loop/photos,pyramid-lake-ladyslipper-and-cathedral-rimn-loop
https://www.alltrails.com/trail/canada/british-columbia/mountain-lakes-aka-heikos-trail/photos,mountain-lakes-aka-heikos-trail
https://www.alltrails.com/trail/canada/british-columbia/marriott-basin-trail/photos,marriott-basin-trail
https://www.alltrails.com/trail/canada/british-columbia/opal-cone-via-elfin-lakes-shelter/photos,opal-cone-via-elfin-lakes-shelter
https://www.alltrails.com/trail/canada/british-columbia/wesley-ridge-and-mount-wesley-trail/photos,wesley-ridge-and-mount-wesley-trail
https://www.alltrails.com/trail/canada/british-columbia/dewdney-grind/photos,dewdney-grind
https://www.alltrails.com/trail/canada/british-columbia/lindsay-lake-trail/photos,lindsay-lake-trail
https://www.alltrails.com/trail/canada/british-columbia/four-square-lakes-to-mount-shepherd/photos,four-square-lakes-to-mount-shepherd
https://www.alltrails.com/trail/canada/british-columbia/mount-albert-edward-trail/photos,mount-albert-edward-trail
https://www.alltrails.com/trail/canada/british-columbia/mount-gardner-hikers-trail/photos,mount-gardner-hikers-trail
https://www.alltrails.com/trail/canada/british-columbia/glacier-crest-trail/photos,glacier-crest-trail
https://www.alltrails.com/trail/canada/british-columbia/pedley-pass-and-ridge-loop/photos,pedley-pass-and-ridge-loop
https://www.alltrails.com/trail/canada/british-columbia/slollicum-peak-trail/photos,slollicum-peak-trail
https://www.alltrails.com/trail/canada/british-columbia/summit-trail--2/photos,summit-trail--2
https://www.alltrails.com/trail/canada/british-columbia/tricouni-ridge/photos,tricouni-ridge
https://www.alltrails.com/trail/canada/british-columbia/mount-stephen-quarry/photos,mount-stephen-quarry
https://www.alltrails.com/trail/canada/british-columbia/screaming-cat-and-iceberg-lake-loop/photos,screaming-cat-and-iceberg-lake-loop
https://www.alltrails.com/trail/canada/british-columbia/grouse-mountain-via-grouse-grind-and-heavens-sake/photos,grouse-mountain-via-grouse-grind-and-heavens-sake
https://www.alltrails.com/trail/canada/british-columbia/flatiron-peak-and-needle-peak-loop/photos,flatiron-peak-and-needle-peak-loop
https://www.alltrails.com/trail/canada/british-columbia/sunburst-lake-cerulean-lake-the-nublet-and-assiniboine-lodge/photos,sunburst-lake-cerulean-lake-the-nublet-and-assiniboine-lodge
https://www.alltrails.com/trail/canada/british-columbia/emma-lake-trail/photos,emma-lake-trail
https://www.alltrails.com/trail/canada/british-columbia/brew-lake/photos,brew-lake
https://www.alltrails.com/trail/canada/british-columbia/stawamus-chief-first-and-second-peak/photos,stawamus-chief-first-and-second-peak
https://www.alltrails.com/trail/canada/british-columbia/mount-prevost-via-memphis-trail/photos,mount-prevost-via-memphis-trail
https://www.alltrails.com/trail/canada/british-columbia/mount-currie/photos,mount-currie
https://www.alltrails.com/trail/canada/british-columbia/hamilton-lake-trail/photos,hamilton-lake-trail
https://www.alltrails.com/trail/canada/british-columbia/augerpoint-traverse/photos,augerpoint-traverse
https://www.alltrails.com/trail/canada/british-columbia/saddle-mountain-lookout/photos,saddle-mountain-lookout
https://www.alltrails.com/trail/canada/british-columbia/mount-klitsa-via-brooke-george-trail/photos,mount-klitsa-via-brooke-george-trail
https://www.alltrails.com/trail/canada/british-columbia/vicuna-peak-and-guanaco-peak/photos,vicuna-peak-and-guanaco-peak
https://www.alltrails.com/trail/canada/british-columbia/campbell-river-lookout-trail/photos,campbell-river-lookout-trail
https://www.alltrails.com/trail/canada/british-columbia/rockwall-loop-via-paint-pots/photos,rockwall-loop-via-paint-pots
https://www.alltrails.com/trail/canada/british-columbia/mt-weart-wedgemount-lake/photos,mt-weart-wedgemount-lake
https://www.alltrails.com/trail/canada/british-columbia/love-lake-trail/photos,love-lake-trail
https://www.alltrails.com/trail/canada/british-columbia/deeks-lake-and-brunswick-lake/photos,deeks-lake-and-brunswick-lake
https://www.alltrails.com/trail/canada/british-columbia/blue-lakes-trail/photos,blue-lakes-trail
https://www.alltrails.com/trail/canada/british-columbia/sigurd-peak/photos,sigurd-peak
https://www.alltrails.com/trail/canada/british-columbia/mount-robie-reid-trail/photos,mount-robie-reid-trail
https://www.alltrails.com/trail/canada/british-columbia/connector-trail-shannon-falls-to-stawamus-chief/photos,connector-trail-shannon-falls-to-stawamus-chief
https://www.alltrails.com/trail/canada/british-columbia/mount-myra-loop/photos,mount-myra-loop
https://www.alltrails.com/trail/canada/british-columbia/kindersley-pass-sinclair-creek-loop/photos,kindersley-pass-sinclair-creek-loop
https://www.alltrails.com/trail/canada/british-columbia/mount-nkwala-loop/photos,mount-nkwala-loop
https://www.alltrails.com/trail/canada/british-columbia/castle-mountain--2/photos,castle-mountain--2
https://www.alltrails.com/trail/canada/british-columbia/mt-hosmer-trail/photos,mt-hosmer-trail
https://www.alltrails.com/trail/canada/british-columbia/bowron-lake-canoe-circuit/photos,bowron-lake-canoe-circuit
https://www.alltrails.com/trail/canada/british-columbia/hat-mountain-and-fat-ass-peak-loop/photos,hat-mountain-and-fat-ass-peak-loop
https://www.alltrails.com/trail/canada/british-columbia/castle-towers/photos,castle-towers
https://www.alltrails.com/trail/canada/british-columbia/lizard-lake-trail/photos,lizard-lake-trail
https://www.alltrails.com/trail/canada/british-columbia/seed-peak/photos,seed-peak
https://www.alltrails.com/trail/canada/british-columbia/hudson-bay-brigade-trail/photos,hudson-bay-brigade-trail
https://www.alltrails.com/trail/canada/british-columbia/eagleridge-bluffs-via-baden-powell-trail/photos,eagleridge-bluffs-via-baden-powell-trail
https://www.alltrails.com/trail/canada/british-columbia/jim-kelly-and-coquihalla-mountain-traverse/photos,jim-kelly-and-coquihalla-mountain-traverse
https://www.alltrails.com/trail/canada/british-columbia/old-glory-trail/photos,old-glory-trail
https://www.alltrails.com/trail/canada/british-columbia/mount-fromme-via-dreamweaver-and-peer-gynt-trails/photos,mount-fromme-via-dreamweaver-and-peer-gynt-trails
https://www.alltrails.com/trail/canada/british-columbia/williams-peak/photos,williams-peak
https://www.alltrails.com/trail/canada/british-columbia/mummery-glacier-hike--2/photos,mummery-glacier-hike--2
https://www.alltrails.com/trail/canada/british-columbia/sugarloaf-mountain/photos,sugarloaf-mountain
https://www.alltrails.com/trail/canada/british-columbia/mount-cokely-and-cpr-trail/photos,mount-cokely-and-cpr-trail
https://www.alltrails.com/trail/canada/british-columbia/kludahk-trail/photos,kludahk-trail
https://www.alltrails.com/trail/canada/british-columbia/tangled-summit-via-halvor-lunden-trail/photos,tangled-summit-via-halvor-lunden-trail
https://www.alltrails.com/trail/canada/british-columbia/hope-mountain-trail/photos,hope-mountain-trail
https://www.alltrails.com/trail/canada/british-columbia/ragged-mountain/photos,ragged-mountain
https://www.alltrails.com/trail/canada/british-columbia/tamarack-trail/photos,tamarack-trail
https://www.alltrails.com/trail/canada/british-columbia/wedge-mountain/photos,wedge-mountain
https://www.alltrails.com/trail/canada/british-columbia/kamma-ridge-and-minna-ridge/photos,kamma-ridge-and-minna-ridge
https://www.alltrails.com/trail/canada/british-columbia/hat-mountain/photos,hat-mountain
https://www.alltrails.com/trail/canada/british-columbia/eagle-cove-loop/photos,eagle-cove-loop
https://www.alltrails.com/trail/canada/british-columbia/knight-peak-trail/photos,knight-peak-trail
https://www.alltrails.com/trail/canada/british-columbia/anderson-cove-trail-to-mount-maguire/photos,anderson-cove-trail-to-mount-maguire
https://www.alltrails.com/trail/canada/british-columbia/mount-mercer/photos,mount-mercer
https://www.alltrails.com/trail/canada/british-columbia/nootka-trail/photos,nootka-trail
https://www.alltrails.com/trail/canada/british-columbia/mount-proctor-trail/photos,mount-proctor-trail
https://www.alltrails.com/trail/canada/british-columbia/hector-ferguson-lake-trail/photos,hector-ferguson-lake-trail
https://www.alltrails.com/trail/canada/british-columbia/heather-grainger-creek-and-hope-pass-trail/photos,heather-grainger-creek-and-hope-pass-trail
https://www.alltrails.com/trail/canada/british-columbia/zupjok-peak/photos,zupjok-peak
https://www.alltrails.com/trail/canada/british-columbia/dave-farrant-blinkhorn-trail--2/photos,dave-farrant-blinkhorn-trail--2
https://www.alltrails.com/trail/canada/british-columbia/blue-grouse-mountain-loop/photos,blue-grouse-mountain-loop
https://www.alltrails.com/trail/canada/british-columbia/skyline-trail-loop/photos,skyline-trail-loop
https://www.alltrails.com/trail/canada/british-columbia/spahats-rigg-via-halvor-lunden-trail/photos,spahats-rigg-via-halvor-lunden-trail
https://www.alltrails.com/trail/canada/british-columbia/mount-steele-via-edwards-lake-trail/photos,mount-steele-via-edwards-lake-trail
https://www.alltrails.com/trail/canada/british-columbia/mount-sproatt-via-into-the-mystic-trail-to-on-the-rocks-trail-to-lord-of-squ/photos,mount-sproatt-via-into-the-mystic-trail-to-on-the-rocks-trail-to-lord-of-squ
https://www.alltrails.com/trail/canada/british-columbia/dewdrop-range-trail/photos,dewdrop-range-trail
https://www.alltrails.com/trail/canada/british-columbia/hoodoo-mara-mountain-connector/photos,hoodoo-mara-mountain-connector
https://www.alltrails.com/trail/canada/british-columbia/mount-braden--2/photos,mount-braden--2
https://www.alltrails.com/trail/canada/british-columbia/mcarthur-heights--2/photos,mcarthur-heights--2
https://www.alltrails.com/trail/canada/british-columbia/mara-mountain-cliffs-south/photos,mara-mountain-cliffs-south
https://www.alltrails.com/trail/canada/british-columbia/gloria-trail-and-elk-mountain-trail/photos,gloria-trail-and-elk-mountain-trail
https://www.alltrails.com/trail/canada/british-columbia/gunsight-lake/photos,gunsight-lake
https://www.alltrails.com/trail/canada/british-columbia/mt-woodside/photos,mt-woodside
https://www.alltrails.com/trail/canada/british-columbia/bootski-lake-trail/photos,bootski-lake-trail
https://www.alltrails.com/trail/canada/british-columbia/mount-webb/photos,mount-webb
https://www.alltrails.com/trail/canada/british-columbia/lone-tree-mount-finlayson-scafe-hill-and-mount-work-trail/photos,lone-tree-mount-finlayson-scafe-hill-and-mount-work-trail
https://www.alltrails.com/trail/canada/british-columbia/sunshine-village-to-mt-assinniboine-lodge/photos,sunshine-village-to-mt-assinniboine-lodge
https://www.alltrails.com/trail/canada/british-columbia/dreamweaver-and-simic-trail/photos,dreamweaver-and-simic-trail
https://www.alltrails.com/trail/canada/british-columbia/grouse-mountain-via-larsen-trail-and-bcmc-trail/photos,grouse-mountain-via-larsen-trail-and-bcmc-trail
https://www.alltrails.com/trail/canada/british-columbia/christina-lake-via-deer-point-trail/photos,christina-lake-via-deer-point-trail
https://www.alltrails.com/trail/canada/british-columbia/burgess-pass/photos,burgess-pass
https://www.alltrails.com/trail/canada/british-columbia/table-mountain-and-navvy-peak/photos,table-mountain-and-navvy-peak
https://www.alltrails.com/trail/canada/british-columbia/mt-saint-benedict-trail-to-mckay-lake/photos,mt-saint-benedict-trail-to-mckay-lake
https://www.alltrails.com/trail/canada/british-columbia/comox-glacier-frog-pond-route/photos,comox-glacier-frog-pond-route
https://www.alltrails.com/trail/canada/british-columbia/mount-moriarty--2/photos,mount-moriarty--2
https://www.alltrails.com/trail/canada/british-columbia/williamson-lake-trail/photos,williamson-lake-trail
https://www.alltrails.com/trail/canada/british-columbia/mount-laughington/photos,mount-laughington
https://www.alltrails.com/trail/canada/british-columbia/south-slope-sterling-burke-ridge-and-widdeon-pass/photos,south-slope-sterling-burke-ridge-and-widdeon-pass
https://www.alltrails.com/trail/canada/british-columbia/lake-magog-campground-to-marvel-lake-campground-br13/photos,lake-magog-campground-to-marvel-lake-campground-br13
https://www.alltrails.com/trail/canada/british-columbia/kusam-klimb-trail/photos,kusam-klimb-trail
https://www.alltrails.com/trail/canada/british-columbia/vantage-peak/photos,vantage-peak
https://www.alltrails.com/trail/canada/british-columbia/5040-peak-alpine-hut-and-cobalt-lake/photos,5040-peak-alpine-hut-and-cobalt-lake
https://www.alltrails.com/trail/canada/british-columbia/boulder-trail-to-viewpoint/photos,boulder-trail-to-viewpoint
https://www.alltrails.com/trail/canada/british-columbia/fernie-ridge/photos,fernie-ridge
https://www.alltrails.com/trail/canada/british-columbia/ford-mountain/photos,ford-mountain
https://www.alltrails.com/trail/canada/british-columbia/sub-peak/photos,sub-peak
https://www.alltrails.com/trail/canada/british-columbia/windfall-lake/photos,windfall-lake
https://www.alltrails.com/trail/canada/british-columbia/grass-lake-via-mary-vine-trail/photos,grass-lake-via-mary-vine-trail
https://www.alltrails.com/trail/canada/british-columbia/cleveland-dam-to-west-lake-via-baden-powell-trail/photos,cleveland-dam-to-west-lake-via-baden-powell-trail
https://www.alltrails.com/trail/canada/british-columbia/mount-amadis-via-international-ridge-trail/photos,mount-amadis-via-international-ridge-trail
https://www.alltrails.com/trail/canada/british-columbia/flint-and-feather-trail--3/photos,flint-and-feather-trail--3
https://www.alltrails.com/trail/canada/british-columbia/the-lions-via-unneccesary-trail/photos,the-lions-via-unneccesary-trail
https://www.alltrails.com/trail/canada/british-columbia/place-glacier-trail/photos,place-glacier-trail
https://www.alltrails.com/trail/canada/british-columbia/baden-powell-trail-cleveland-dam-to-first-lake/photos,baden-powell-trail-cleveland-dam-to-first-lake
https://www.alltrails.com/trail/canada/british-columbia/loki-baldur-trail/photos,loki-baldur-trail
https://www.alltrails.com/trail/canada/british-columbia/lake-ohara-wiwaxy-gap-and-huber-ledges-to-lake-oesa/photos,lake-ohara-wiwaxy-gap-and-huber-ledges-to-lake-oesa
https://www.alltrails.com/trail/canada/british-columbia/mount-pope-trail--2/photos,mount-pope-trail--2
https://www.alltrails.com/trail/canada/british-columbia/mount-gardner-sw-trail/photos,mount-gardner-sw-trail
https://www.alltrails.com/trail/canada/british-columbia/church-mountain-and-little-tamihi-creek/photos,church-mountain-and-little-tamihi-creek
https://www.alltrails.com/trail/canada/british-columbia/iago/photos,iago
https://www.alltrails.com/trail/canada/british-columbia/beth-lake-via-fury-downing-road/photos,beth-lake-via-fury-downing-road
https://www.alltrails.com/trail/canada/british-columbia/mount-arrowsmith-via-main-gulley-route/photos,mount-arrowsmith-via-main-gulley-route
https://www.alltrails.com/trail/canada/british-columbia/brunswick-peak-via-deeks-lake/photos,brunswick-peak-via-deeks-lake
https://www.alltrails.com/trail/canada/british-columbia/mount-mulligan-trail/photos,mount-mulligan-trail
https://www.alltrails.com/trail/canada/british-columbia/bubble-wrap-north-ridge-dirt-falls-phase-two-and-summit-trail/photos,bubble-wrap-north-ridge-dirt-falls-phase-two-and-summit-trail
https://www.alltrails.com/trail/canada/british-columbia/cypress-peak-via-roe-creek/photos,cypress-peak-via-roe-creek
https://www.alltrails.com/trail/canada/british-columbia/semaphore-lakes-locomotive-mountain/photos,semaphore-lakes-locomotive-mountain
https://www.alltrails.com/trail/canada/british-columbia/mount-hunter-lookout-trail/photos,mount-hunter-lookout-trail
https://www.alltrails.com/trail/canada/british-columbia/sterling-loop-trail/photos,sterling-loop-trail
https://www.alltrails.com/trail/canada/british-columbia/witchcraft-lake-to-benson-creek-to-mount-benson-loop/photos,witchcraft-lake-to-benson-creek-to-mount-benson-loop
https://www.alltrails.com/trail/canada/british-columbia/tex-lyon-trail-lots-of-varied-scenery/photos,tex-lyon-trail-lots-of-varied-scenery
https://www.alltrails.com/trail/canada/british-columbia/seven-summits-trail/photos,seven-summits-trail
https://www.alltrails.com/trail/canada/british-columbia/macbeth-icefield-trail/photos,macbeth-icefield-trail
https://www.alltrails.com/trail/canada/british-columbia/viking-ridge-trail/photos,viking-ridge-trail
https://www.alltrails.com/trail/canada/british-columbia/baden-powell-trail-horseshoe-bay-to-cypress-mountain-resort/photos,baden-powell-trail-horseshoe-bay-to-cypress-mountain-resort
https://www.alltrails.com/trail/canada/british-columbia/mount-eskine-west-trail/photos,mount-eskine-west-trail
https://www.alltrails.com/trail/canada/british-columbia/pangor-and-pingu-mtb-loop-via-old-buck-trail/photos,pangor-and-pingu-mtb-loop-via-old-buck-trail
https://www.alltrails.com/trail/canada/british-columbia/mount-macpperson/photos,mount-macpperson
https://www.alltrails.com/trail/canada/british-columbia/tall-trees-trail/photos,tall-trees-trail
https://www.alltrails.com/trail/canada/british-columbia/silver-spray-woodbury-basin/photos,silver-spray-woodbury-basin
https://www.alltrails.com/trail/canada/british-columbia/skyline-ridge/photos,skyline-ridge
https://www.alltrails.com/trail/canada/british-columbia/cloudburst-mountain/photos,cloudburst-mountain
https://www.alltrails.com/trail/canada/british-columbia/glacier-lake-cathedral-rim-base-of-grimface-and-pyramid-lake-trail/photos,glacier-lake-cathedral-rim-base-of-grimface-and-pyramid-lake-trail
https://www.alltrails.com/trail/canada/british-columbia/mount-wapiti/photos,mount-wapiti
https://www.alltrails.com/trail/canada/british-columbia/cabin-trail/photos,cabin-trail
https://www.alltrails.com/trail/canada/british-columbia/table-mountain-trail-and-discovery-cabin/photos,table-mountain-trail-and-discovery-cabin
https://www.alltrails.com/trail/canada/british-columbia/the-rockwall-floe-to-helmet-route/photos,the-rockwall-floe-to-helmet-route
https://www.alltrails.com/trail/canada/british-columbia/elbow-point-via-emma-dixon/photos,elbow-point-via-emma-dixon
https://www.alltrails.com/trail/canada/british-columbia/mount-stevens-and-teepee-mountain/photos,mount-stevens-and-teepee-mountain
https://www.alltrails.com/trail/canada/british-columbia/mount-sheer-and-mountain-lake/photos,mount-sheer-and-mountain-lake
https://www.alltrails.com/trail/canada/british-columbia/northern-terminus-pacific-crest-trail/photos,northern-terminus-pacific-crest-trail
https://www.alltrails.com/trail/canada/british-columbia/taggart-peak-sumas-mountain-and-chadsey-lake-loop/photos,taggart-peak-sumas-mountain-and-chadsey-lake-loop
https://www.alltrails.com/trail/canada/british-columbia/savona-caves--2/photos,savona-caves--2
https://www.alltrails.com/trail/canada/british-columbia/helm-creek-traverse-garibaldi-to-cheakamus/photos,helm-creek-traverse-garibaldi-to-cheakamus
https://www.alltrails.com/trail/canada/british-columbia/miller-ridge/photos,miller-ridge
https://www.alltrails.com/trail/canada/british-columbia/dunn-peak/photos,dunn-peak
https://www.alltrails.com/trail/canada/british-columbia/mount-barbour/photos,mount-barbour
https://www.alltrails.com/trail/canada/british-columbia/joffery-creeks-trail-to-limstone-lakes-route/photos,joffery-creeks-trail-to-limstone-lakes-route
https://www.alltrails.com/trail/canada/british-columbia/trap-mountain/photos,trap-mountain
https://www.alltrails.com/trail/canada/british-columbia/lookout-cairn-cosens-bay-base-lift-and-wall-trail/photos,lookout-cairn-cosens-bay-base-lift-and-wall-trail
https://www.alltrails.com/trail/canada/british-columbia/camelfoot-mountain-trail/photos,camelfoot-mountain-trail
https://www.alltrails.com/trail/canada/british-columbia/south-lynn-peak--2/photos,south-lynn-peak--2
https://www.alltrails.com/trail/canada/british-columbia/cultus-lake-loop/photos,cultus-lake-loop
https://www.alltrails.com/trail/canada/british-columbia/conway-peak/photos,conway-peak
https://www.alltrails.com/trail/canada/british-columbia/raft-mountain-five-peaks-loop/photos,raft-mountain-five-peaks-loop
https://www.alltrails.com/trail/canada/british-columbia/silver-king-basin--2/photos,silver-king-basin--2
https://www.alltrails.com/trail/canada/british-columbia/mount-adder/photos,mount-adder
https://www.alltrails.com/trail/canada/british-columbia/cheakamus-river-to-kyber-pass-and-high-note/photos,cheakamus-river-to-kyber-pass-and-high-note
https://www.alltrails.com/trail/canada/british-columbia/okanagan-high-rim-trail/photos,okanagan-high-rim-trail
https://www.alltrails.com/trail/canada/british-columbia/forbidden-plateau-ski-area-trails/photos,forbidden-plateau-ski-area-trails
https://www.alltrails.com/trail/canada/british-columbia/heather-mountain-trail-private-property/photos,heather-mountain-trail-private-property
https://www.alltrails.com/trail/canada/british-columbia/tennent-lake-trail/photos,tennent-lake-trail
https://www.alltrails.com/trail/canada/british-columbia/jacobson-lake-and-palmer-pond/photos,jacobson-lake-and-palmer-pond
https://www.alltrails.com/trail/canada/british-columbia/mount-seymour-via-nugedzi-lake/photos,mount-seymour-via-nugedzi-lake
https://www.alltrails.com/trail/canada/british-columbia/mount-murray-pine-pass/photos,mount-murray-pine-pass
https://www.alltrails.com/trail/canada/british-columbia/arnica-lake-via-phillips-ridge-trail/photos,arnica-lake-via-phillips-ridge-trail
https://www.alltrails.com/trail/canada/british-columbia/simpson-river-trail/photos,simpson-river-trail
https://www.alltrails.com/trail/canada/british-columbia/crawford-trail-to-little-white/photos,crawford-trail-to-little-white
https://www.alltrails.com/trail/canada/british-columbia/kuipers-peak-to-myra-canyon/photos,kuipers-peak-to-myra-canyon
https://www.alltrails.com/trail/canada/british-columbia/mount-brent/photos,mount-brent
https://www.alltrails.com/trail/canada/british-columbia/vermilion-peak-near-radium-hot-springs-castle-mountain-junction/photos,vermilion-peak-near-radium-hot-springs-castle-mountain-junction
https://www.alltrails.com/trail/canada/british-columbia/silver-star-provincial-park-loop-trail/photos,silver-star-provincial-park-loop-trail
https://www.alltrails.com/trail/canada/british-columbia/grass-lake-shields-lake-and-empress-mountain-from-harbourview-road/photos,grass-lake-shields-lake-and-empress-mountain-from-harbourview-road
https://www.alltrails.com/trail/canada/british-columbia/mount-strachan-and-hollyburn-peak-loop/photos,mount-strachan-and-hollyburn-peak-loop
https://www.alltrails.com/trail/canada/british-columbia/mount-nwala/photos,mount-nwala
https://www.alltrails.com/trail/canada/british-columbia/fang-mountain-trail/photos,fang-mountain-trail
https://www.alltrails.com/trail/canada/british-columbia/crawford-canyon-lookout-loop/photos,crawford-canyon-lookout-loop
https://www.alltrails.com/trail/canada/british-columbia/widow-creek-to-sherk-lake/photos,widow-creek-to-sherk-lake
https://www.alltrails.com/trail/canada/british-columbia/rainbow-madeley-lake-and-hanging-lake-trail/photos,rainbow-madeley-lake-and-hanging-lake-trail
https://www.alltrails.com/trail/canada/british-columbia/mackay-creek-trail-loop/photos,mackay-creek-trail-loop
https://www.alltrails.com/trail/canada/british-columbia/mount-decosmos/photos,mount-decosmos
https://www.alltrails.com/trail/canada/british-columbia/wesach-mountain/photos,wesach-mountain
https://www.alltrails.com/trail/canada/british-columbia/sunburst-lake-elizabeth-lake-nub-peak-and-the-niblet/photos,sunburst-lake-elizabeth-lake-nub-peak-and-the-niblet
https://www.alltrails.com/trail/canada/british-columbia/black-tusk-via-microwave-towers/photos,black-tusk-via-microwave-towers
https://www.alltrails.com/trail/canada/british-columbia/mount-arrowsmith-via-cpr-trail/photos,mount-arrowsmith-via-cpr-trail
https://www.alltrails.com/trail/canada/british-columbia/lynn-lake-trail/photos,lynn-lake-trail
https://www.alltrails.com/trail/canada/british-columbia/polar-peak-ridge-walk/photos,polar-peak-ridge-walk
https://www.alltrails.com/trail/canada/british-columbia/mount-work-and-gowlland-tod-loop/photos,mount-work-and-gowlland-tod-loop
https://www.alltrails.com/trail/canada/british-columbia/rabbity-trail-and-jocelyn-hill-loop/photos,rabbity-trail-and-jocelyn-hill-loop
https://www.alltrails.com/trail/canada/british-columbia/mount-brewer/photos,mount-brewer
https://www.alltrails.com/trail/canada/british-columbia/skyline-trail--4/photos,skyline-trail--4
https://www.alltrails.com/trail/canada/british-columbia/monument-83-trail/photos,monument-83-trail
https://www.alltrails.com/trail/canada/british-columbia/west-opbain-trail-to-yukness-ledges-alpine-route/photos,west-opbain-trail-to-yukness-ledges-alpine-route
https://www.alltrails.com/trail/canada/british-columbia/nicomen-peak-mission-bc/photos,nicomen-peak-mission-bc
https://www.alltrails.com/trail/canada/british-columbia/lindmark-trail/photos,lindmark-trail
https://www.alltrails.com/trail/canada/british-columbia/alone-mountain/photos,alone-mountain
https://www.alltrails.com/trail/canada/british-columbia/raft-peak-trail/photos,raft-peak-trail
https://www.alltrails.com/trail/canada/british-columbia/north-coast-trail/photos,north-coast-trail
https://www.alltrails.com/trail/canada/british-columbia/sky-pilot-valley-trail/photos,sky-pilot-valley-trail
https://www.alltrails.com/trail/canada/british-columbia/reflection-lake-and-tricouni-peak/photos,reflection-lake-and-tricouni-peak
https://www.alltrails.com/trail/canada/british-columbia/lizzie-lake-trail/photos,lizzie-lake-trail
https://www.alltrails.com/trail/canada/british-columbia/hornaday-pass-trail/photos,hornaday-pass-trail
https://www.alltrails.com/trail/canada/british-columbia/elk-rim-trail--5/photos,elk-rim-trail--5
https://www.alltrails.com/trail/canada/british-columbia/demon-ridge--2/photos,demon-ridge--2
https://www.alltrails.com/trail/canada/british-columbia/ossa-mountain/photos,ossa-mountain
https://www.alltrails.com/trail/canada/british-columbia/clear-creek-hot-springs/photos,clear-creek-hot-springs
https://www.alltrails.com/trail/canada/british-columbia/lower-skull-and-st-mary-s-mtb-loop-via-dempsey-trail/photos,lower-skull-and-st-mary-s-mtb-loop-via-dempsey-trail
https://www.alltrails.com/trail/canada/british-columbia/hunlen-falls/photos,hunlen-falls
https://www.alltrails.com/trail/canada/british-columbia/mount-kruger-loop/photos,mount-kruger-loop
https://www.alltrails.com/trail/canada/british-columbia/tocher-ridge-via-kicking-horse-and-otterhead-trail/photos,tocher-ridge-via-kicking-horse-and-otterhead-trail
https://www.alltrails.com/trail/canada/british-columbia/mount-hallowell-sunshine-coast/photos,mount-hallowell-sunshine-coast
https://www.alltrails.com/trail/canada/british-columbia/taylor-meadows-to-helm-creek/photos,taylor-meadows-to-helm-creek
https://www.alltrails.com/trail/canada/british-columbia/evans-peak--2/photos,evans-peak--2
https://www.alltrails.com/trail/canada/british-columbia/mount-quimper-grassy-lake-and-mount-brule/photos,mount-quimper-grassy-lake-and-mount-brule
https://www.alltrails.com/trail/canada/british-columbia/old-sproat-lake-fire-lookout/photos,old-sproat-lake-fire-lookout
https://www.alltrails.com/trail/canada/british-columbia/dewdrop-traverse-long-loop/photos,dewdrop-traverse-long-loop
https://www.alltrails.com/trail/us/washington/twin-lakes--4/photos,twin-lakes--4
https://www.alltrails.com/trail/canada/british-columbia/divide-lake-trail/photos,divide-lake-trail
https://www.alltrails.com/trail/canada/british-columbia/brewer-lake/photos,brewer-lake
https://www.alltrails.com/trail/canada/british-columbia/maroon-mountain-trail/photos,maroon-mountain-trail
https://www.alltrails.com/trail/canada/british-columbia/limestone-cap-and-tibetan-mountain-via-phillips-ridge-route/photos,limestone-cap-and-tibetan-mountain-via-phillips-ridge-route
https://www.alltrails.com/trail/canada/british-columbia/menzies-trail-from-west-canyon-parking/photos,menzies-trail-from-west-canyon-parking
https://www.alltrails.com/trail/canada/british-columbia/kaufmann-lake/photos,kaufmann-lake
https://www.alltrails.com/trail/canada/british-columbia/mt-yukness-south-and-north-summit/photos,mt-yukness-south-and-north-summit
https://www.alltrails.com/trail/canada/british-columbia/keiths-hut/photos,keiths-hut
https://www.alltrails.com/trail/canada/british-columbia/three-sisters-via-bisaro-canyon-pass/photos,three-sisters-via-bisaro-canyon-pass
https://www.alltrails.com/trail/canada/british-columbia/pinnacle-peak-loop/photos,pinnacle-peak-loop
https://www.alltrails.com/trail/canada/british-columbia/windsor-peak/photos,windsor-peak
https://www.alltrails.com/trail/canada/british-columbia/three-sisters-trail/photos,three-sisters-trail
https://www.alltrails.com/trail/canada/british-columbia/south-needle-via-seymour-trailway/photos,south-needle-via-seymour-trailway
https://www.alltrails.com/trail/canada/british-columbia/the-five-passes/photos,the-five-passes
https://www.alltrails.com/trail/canada/british-columbia/numa-creek-camp/photos,numa-creek-camp
https://www.alltrails.com/trail/canada/british-columbia/crawford-loop/photos,crawford-loop
https://www.alltrails.com/trail/canada/british-columbia/high-falls-to-seagram-lake/photos,high-falls-to-seagram-lake
https://www.alltrails.com/trail/canada/british-columbia/emperor-mountain-via-peden-lake-trail/photos,emperor-mountain-via-peden-lake-trail
https://www.alltrails.com/trail/canada/british-columbia/clague-mountain-trail/photos,clague-mountain-trail
https://www.alltrails.com/trail/canada/british-columbia/chute-lake-and-kettle-valley-ohv-road/photos,chute-lake-and-kettle-valley-ohv-road
https://www.alltrails.com/trail/canada/british-columbia/humpback-to-goldstream-heights-via-great-canada-trail/photos,humpback-to-goldstream-heights-via-great-canada-trail
https://www.alltrails.com/trail/canada/british-columbia/grass-lake-extended-loop/photos,grass-lake-extended-loop
https://www.alltrails.com/trail/canada/british-columbia/saltery-bay-and-rainy-day-lake-loop/photos,saltery-bay-and-rainy-day-lake-loop
https://www.alltrails.com/trail/canada/british-columbia/sea-to-sky-summit-trail-upper-shannon-falls-trail/photos,sea-to-sky-summit-trail-upper-shannon-falls-trail
https://www.alltrails.com/trail/canada/british-columbia/mount-lindeman/photos,mount-lindeman
https://www.alltrails.com/trail/canada/british-columbia/alps-alturas-trail/photos,alps-alturas-trail
https://www.alltrails.com/trail/canada/british-columbia/western-lake-via-new-west-driscoll-ridge-trail/photos,western-lake-via-new-west-driscoll-ridge-trail
https://www.alltrails.com/trail/canada/british-columbia/vedder-mountain-via-bowman-trail/photos,vedder-mountain-via-bowman-trail
https://www.alltrails.com/trail/canada/british-columbia/lyle-lakes/photos,lyle-lakes
https://www.alltrails.com/trail/canada/british-columbia/smith-creek-loop/photos,smith-creek-loop
https://www.alltrails.com/trail/canada/british-columbia/erics-trip-dem-bones-hedonism-slunt-stupid-traverse-moccasin-lactic-ridge/photos,erics-trip-dem-bones-hedonism-slunt-stupid-traverse-moccasin-lactic-ridge
https://www.alltrails.com/trail/canada/british-columbia/lightning-lake-trail/photos,lightning-lake-trail
https://www.alltrails.com/trail/canada/british-columbia/joffre-peak-via-cerise-creek-summer-trail/photos,joffre-peak-via-cerise-creek-summer-trail
https://www.alltrails.com/trail/canada/british-columbia/mount-tuam/photos,mount-tuam
https://www.alltrails.com/trail/canada/british-columbia/saddleback-ridge/photos,saddleback-ridge
https://www.alltrails.com/trail/canada/british-columbia/mount-terry-fox/photos,mount-terry-fox
https://www.alltrails.com/trail/canada/british-columbia/afternoon-hike/photos,afternoon-hike
https://www.alltrails.com/trail/canada/british-columbia/crumpit-woods/photos,crumpit-woods
https://www.alltrails.com/trail/canada/british-columbia/johnson-peak-trail/photos,johnson-peak-trail
https://www.alltrails.com/trail/canada/british-columbia/west-knob-donut-rock-and-black-mountain-via-baden-powell-trail/photos,west-knob-donut-rock-and-black-mountain-via-baden-powell-trail
https://www.alltrails.com/trail/canada/british-columbia/alki-creek-trail-to-third-bridge/photos,alki-creek-trail-to-third-bridge
https://www.alltrails.com/trail/canada/british-columbia/mount-becher-via-boston-ridge-trail/photos,mount-becher-via-boston-ridge-trail
https://www.alltrails.com/trail/canada/british-columbia/mt-baker-via-gold-creek-road/photos,mt-baker-via-gold-creek-road
https://www.alltrails.com/trail/canada/british-columbia/kettle-valley-railway-chute-lake-resort-loop/photos,kettle-valley-railway-chute-lake-resort-loop
https://www.alltrails.com/trail/canada/british-columbia/summit-peak-trail/photos,summit-peak-trail
https://www.alltrails.com/trail/canada/british-columbia/arrow-mountain-via-ladyslipper-trail/photos,arrow-mountain-via-ladyslipper-trail
https://www.alltrails.com/trail/canada/british-columbia/mount-bowman--2/photos,mount-bowman--2
https://www.alltrails.com/trail/canada/british-columbia/ghostrider-mountain-trail/photos,ghostrider-mountain-trail
https://www.alltrails.com/trail/canada/british-columbia/menzies-mountain/photos,menzies-mountain
https://www.alltrails.com/trail/canada/alberta/sentinel-peak-trail-to-iron-mountain-shortcut-loop/photos,sentinel-peak-trail-to-iron-mountain-shortcut-loop
https://www.alltrails.com/trail/canada/british-columbia/lockhart-trail/photos,lockhart-trail
https://www.alltrails.com/trail/canada/british-columbia/crater-lake-to-hudson-mountain/photos,crater-lake-to-hudson-mountain
https://www.alltrails.com/trail/canada/british-columbia/matthews-traverse-road-whistler/photos,matthews-traverse-road-whistler
https://www.alltrails.com/trail/canada/british-columbia/robinson-ridge-trail/photos,robinson-ridge-trail
https://www.alltrails.com/trail/canada/british-columbia/alpha-lakes-trail/photos,alpha-lakes-trail
https://www.alltrails.com/trail/canada/british-columbia/alternate-elphinstone-route-dakota-creek-side/photos,alternate-elphinstone-route-dakota-creek-side
https://www.alltrails.com/trail/us/washington/little-beaver-trail-via-hannegan-pass/photos,little-beaver-trail-via-hannegan-pass
https://www.alltrails.com/trail/canada/british-columbia/coast-trail-and-interior-trail-loop/photos,coast-trail-and-interior-trail-loop
https://www.alltrails.com/trail/canada/british-columbia/locomotive-mountain-tender-mountain-cabose-peak/photos,locomotive-mountain-tender-mountain-cabose-peak
https://www.alltrails.com/trail/canada/british-columbia/lizard-lake-via-lizard-creek-trail/photos,lizard-lake-via-lizard-creek-trail
https://www.alltrails.com/trail/canada/british-columbia/dallas-barnhartvale-nature-park-south-loop/photos,dallas-barnhartvale-nature-park-south-loop
https://www.alltrails.com/trail/canada/british-columbia/monashee-lake-trail-via-monashee-creek-trail/photos,monashee-lake-trail-via-monashee-creek-trail
https://www.alltrails.com/trail/canada/british-columbia/mount-hankin-trail/photos,mount-hankin-trail
https://www.alltrails.com/trail/canada/british-columbia/quiniscoe-lake-via-lakeview-trail/photos,quiniscoe-lake-via-lakeview-trail
https://www.alltrails.com/trail/canada/british-columbia/cataract-creek/photos,cataract-creek
https://www.alltrails.com/trail/canada/british-columbia/mount-whymper/photos,mount-whymper
https://www.alltrails.com/trail/canada/british-columbia/vedder-mountain-road-ride/photos,vedder-mountain-road-ride
https://www.alltrails.com/trail/canada/british-columbia/mount-carnarvon-hike/photos,mount-carnarvon-hike
https://www.alltrails.com/trail/canada/british-columbia/stone-mountain-summit-peak-trail/photos,stone-mountain-summit-peak-trail
https://www.alltrails.com/trail/canada/british-columbia/avalanche-mountain-loop/photos,avalanche-mountain-loop
https://www.alltrails.com/trail/canada/british-columbia/macdonald-peak-radium-lake-mt-webb-trail-sep-20-2020-8-34-pm/photos,macdonald-peak-radium-lake-mt-webb-trail-sep-20-2020-8-34-pm
https://www.alltrails.com/trail/canada/british-columbia/boulder-mountain-trail/photos,boulder-mountain-trail
https://www.alltrails.com/trail/canada/british-columbia/the-nublet-elizabeth-lake-cerulean-lake-sunburst-lake-loop/photos,the-nublet-elizabeth-lake-cerulean-lake-sunburst-lake-loop
https://www.alltrails.com/trail/canada/british-columbia/mount-seymour-trail--2/photos,mount-seymour-trail--2
https://www.alltrails.com/trail/canada/british-columbia/cliff-lake-trail/photos,cliff-lake-trail
https://www.alltrails.com/trail/canada/british-columbia/keyhole/photos,keyhole
https://www.alltrails.com/trail/canada/british-columbia/old-glory-mountain-via-old-glory-trail-and-plewman-trail-loop/photos,old-glory-mountain-via-old-glory-trail-and-plewman-trail-loop
https://www.alltrails.com/trail/canada/british-columbia/west-coast-trail-north-to-south/photos,west-coast-trail-north-to-south
https://www.alltrails.com/trail/canada/british-columbia/snug-cove-to-cape-roger-curtis-tour/photos,snug-cove-to-cape-roger-curtis-tour
https://www.alltrails.com/trail/canada/british-columbia/mount-artaban--3/photos,mount-artaban--3
https://www.alltrails.com/trail/canada/british-columbia/westsyde-bench/photos,westsyde-bench
https://www.alltrails.com/trail/canada/british-columbia/overlord-mountain-from-himmelsbach-hut/photos,overlord-mountain-from-himmelsbach-hut
https://www.alltrails.com/trail/canada/british-columbia/sleeping-beauty-trails-tarundl-mountain/photos,sleeping-beauty-trails-tarundl-mountain
https://www.alltrails.com/trail/canada/british-columbia/emperor-s-challenge-route/photos,emperor-s-challenge-route
https://www.alltrails.com/trail/canada/british-columbia/assiniboine-lodge-to-the-towers/photos,assiniboine-lodge-to-the-towers
https://www.alltrails.com/trail/canada/british-columbia/sheep-rock-summit/photos,sheep-rock-summit
https://www.alltrails.com/trail/canada/british-columbia/regional-north-ridge-monz-grinder-huge-ribbon-falling-sattelites-and-centerf/photos,regional-north-ridge-monz-grinder-huge-ribbon-falling-sattelites-and-centerf
https://www.alltrails.com/trail/canada/british-columbia/mt-killan-oct-14-223-pm/photos,mt-killan-oct-14-223-pm
https://www.alltrails.com/trail/canada/british-columbia/screaming-cat-lake-via-skywalk-north/photos,screaming-cat-lake-via-skywalk-north
https://www.alltrails.com/trail/canada/british-columbia/upper-kal-park-trail-high-rim/photos,upper-kal-park-trail-high-rim
https://www.alltrails.com/trail/canada/british-columbia/meadow-of-the-grizzlies-mtb-trail/photos,meadow-of-the-grizzlies-mtb-trail
https://www.alltrails.com/trail/canada/british-columbia/cranbrook-roller-coaster/photos,cranbrook-roller-coaster
https://www.alltrails.com/trail/canada/british-columbia/fry-creek-canyon-trail/photos,fry-creek-canyon-trail
https://www.alltrails.com/trail/canada/british-columbia/monkman-lake-trail--2/photos,monkman-lake-trail--2
https://www.alltrails.com/trail/canada/british-columbia/gin-peak/photos,gin-peak
https://www.alltrails.com/trail/canada/british-columbia/rainbow-mt-trail-sep-12-7-41-pm/photos,rainbow-mt-trail-sep-12-7-41-pm
https://www.alltrails.com/trail/canada/british-columbia/pennys-peak-aurora-lake-via-marvel-pass/photos,pennys-peak-aurora-lake-via-marvel-pass
https://www.alltrails.com/trail/canada/british-columbia/taynton-trail-to-mount-goldie-route-to-crazy-train/photos,taynton-trail-to-mount-goldie-route-to-crazy-train
https://www.alltrails.com/trail/canada/british-columbia/cecil-hill-via-menacher-road/photos,cecil-hill-via-menacher-road
https://www.alltrails.com/trail/canada/british-columbia/the-veitch-carriageway-and-sooke-flowline-loop/photos,the-veitch-carriageway-and-sooke-flowline-loop
https://www.alltrails.com/trail/canada/british-columbia/silvern-lake-trail/photos,silvern-lake-trail
https://www.alltrails.com/trail/canada/british-columbia/dewdney-grind-and-norrish-fsr-loop/photos,dewdney-grind-and-norrish-fsr-loop
https://www.alltrails.com/trail/canada/british-columbia/murray-range-trail/photos,murray-range-trail
https://www.alltrails.com/trail/canada/british-columbia/mount-cartier-peak-trail/photos,mount-cartier-peak-trail
https://www.alltrails.com/trail/canada/british-columbia/mount-fernie-trail--2/photos,mount-fernie-trail--2
https://www.alltrails.com/trail/canada/british-columbia/granger-creek-trail/photos,granger-creek-trail
https://www.alltrails.com/trail/canada/british-columbia/mclean-lake/photos,mclean-lake
https://www.alltrails.com/trail/canada/british-columbia/cobalt-lake-trail--2/photos,cobalt-lake-trail--2
https://www.alltrails.com/trail/canada/british-columbia/kalahnee-creek-trail/photos,kalahnee-creek-trail
https://www.alltrails.com/trail/canada/british-columbia/flute-summit-from-himmelsbach-hut/photos,flute-summit-from-himmelsbach-hut
https://www.alltrails.com/trail/canada/british-columbia/mount-keogan/photos,mount-keogan
https://www.alltrails.com/trail/canada/british-columbia/kimta-creek/photos,kimta-creek
https://www.alltrails.com/trail/canada/british-columbia/joan/photos,joan
https://www.alltrails.com/trail/canada/british-columbia/coliseum-mountain/photos,coliseum-mountain
https://www.alltrails.com/trail/canada/british-columbia/west-canyon-evan-s-creek-and-fly-s-gully/photos,west-canyon-evan-s-creek-and-fly-s-gully
https://www.alltrails.com/trail/canada/british-columbia/mount-spieker--2/photos,mount-spieker--2
https://www.alltrails.com/trail/canada/british-columbia/north-coast-trail-laura-creek-to-nissen-bight/photos,north-coast-trail-laura-creek-to-nissen-bight
https://www.alltrails.com/trail/canada/british-columbia/castlecrag-mountain-via-circlet-lake-loop/photos,castlecrag-mountain-via-circlet-lake-loop
https://www.alltrails.com/trail/canada/british-columbia/mount-empress-via-grass-lake-trail/photos,mount-empress-via-grass-lake-trail
https://www.alltrails.com/trail/canada/british-columbia/rutherford-snowmobile-trail/photos,rutherford-snowmobile-trail
https://www.alltrails.com/trail/canada/british-columbia/forever-after-and-north-shore-high-school-league-mtb-loop/photos,forever-after-and-north-shore-high-school-league-mtb-loop
https://www.alltrails.com/trail/canada/british-columbia/nature-park/photos,nature-park
https://www.alltrails.com/trail/canada/british-columbia/jessies-test-tube-cold-deck-cliff-and-summit-trail/photos,jessies-test-tube-cold-deck-cliff-and-summit-trail
https://www.alltrails.com/trail/canada/british-columbia/inland-lake-trail-from-mowat-bay/photos,inland-lake-trail-from-mowat-bay
https://www.alltrails.com/trail/canada/british-columbia/bottoms-up-trail/photos,bottoms-up-trail
https://www.alltrails.com/trail/canada/british-columbia/mount-hilliam-via-trails-4-16-22-30-32-34/photos,mount-hilliam-via-trails-4-16-22-30-32-34
https://www.alltrails.com/trail/canada/british-columbia/erg-mountain-trail/photos,erg-mountain-trail
https://www.alltrails.com/trail/canada/british-columbia/burn-perimeter-trail/photos,burn-perimeter-trail
https://www.alltrails.com/trail/canada/british-columbia/nordheim-peak-via-mount-kelly-trail/photos,nordheim-peak-via-mount-kelly-trail
https://www.alltrails.com/trail/canada/british-columbia/tenquille-lake-from-lillooet-river/photos,tenquille-lake-from-lillooet-river
https://www.alltrails.com/trail/canada/british-columbia/vein-trail/photos,vein-trail
https://www.alltrails.com/trail/canada/british-columbia/lake-magog-campground-the-nublet-assiniboine-lodge-and-porcupine-campground/photos,lake-magog-campground-the-nublet-assiniboine-lodge-and-porcupine-campground
https://www.alltrails.com/trail/canada/british-columbia/mount-washington-to-forbidden-plateau-via-plateau-trail/photos,mount-washington-to-forbidden-plateau-via-plateau-trail
https://www.alltrails.com/trail/canada/british-columbia/bens-connector/photos,bens-connector
https://www.alltrails.com/trail/canada/british-columbia/lone-peak/photos,lone-peak
https://www.alltrails.com/trail/canada/british-columbia/thirsty-beaver-teapot-and-black-hole-loop/photos,thirsty-beaver-teapot-and-black-hole-loop
https://www.alltrails.com/trail/canada/british-columbia/a-line/photos,a-line
https://www.alltrails.com/trail/canada/british-columbia/hanes-valley-trail/photos,hanes-valley-trail
https://www.alltrails.com/trail/canada/british-columbia/mount-reesor/photos,mount-reesor
https://www.alltrails.com/trail/canada/british-columbia/upper-and-lower-phd/photos,upper-and-lower-phd
https://www.alltrails.com/trail/canada/british-columbia/kuskanax-mountain/photos,kuskanax-mountain
https://www.alltrails.com/trail/canada/british-columbia/keiths-hut-winter-route/photos,keiths-hut-winter-route
https://www.alltrails.com/trail/canada/british-columbia/hunters-range-snowmobile-trail/photos,hunters-range-snowmobile-trail
https://www.alltrails.com/trail/canada/british-columbia/mount-nelson-trail/photos,mount-nelson-trail
https://www.alltrails.com/trail/canada/british-columbia/mt-gandalf-and-aragorn/photos,mt-gandalf-and-aragorn
https://www.alltrails.com/trail/canada/british-columbia/lakit-lookout-to-teepee-mountain/photos,lakit-lookout-to-teepee-mountain
https://www.alltrails.com/trail/canada/british-columbia/mt-gas-bc-route/photos,mt-gas-bc-route
https://www.alltrails.com/trail/canada/british-columbia/geoffrey-peak/photos,geoffrey-peak
https://www.alltrails.com/trail/canada/british-columbia/bobb-mountain/photos,bobb-mountain
https://www.alltrails.com/trail/canada/british-columbia/landale-loop/photos,landale-loop
https://www.alltrails.com/trail/canada/british-columbia/summerland-to-peachland-lake-and-mount-kathleen-ohv-trail/photos,summerland-to-peachland-lake-and-mount-kathleen-ohv-trail
https://www.alltrails.com/trail/canada/british-columbia/fighting-meadows-trail/photos,fighting-meadows-trail
https://www.alltrails.com/trail/canada/british-columbia/mount-good-trail/photos,mount-good-trail
https://www.alltrails.com/trail/canada/british-columbia/arrowsmith-lookout-loop-via-cpr/photos,arrowsmith-lookout-loop-via-cpr
https://www.alltrails.com/trail/canada/british-columbia/mount-mahoney-trail/photos,mount-mahoney-trail
https://www.alltrails.com/trail/canada/british-columbia/sluice-box-trail/photos,sluice-box-trail
https://www.alltrails.com/trail/canada/british-columbia/mount-manuel-quimper-ragged-mountain-and-pinnacle-peak-via-quimper-summit-tr/photos,mount-manuel-quimper-ragged-mountain-and-pinnacle-peak-via-quimper-summit-tr
https://www.alltrails.com/trail/canada/british-columbia/ket-r-done-easy-rider-unicorn-dh-loop/photos,ket-r-done-easy-rider-unicorn-dh-loop
https://www.alltrails.com/trail/canada/british-columbia/the-trans-canada-trail-gray-creek-to-kimberley/photos,the-trans-canada-trail-gray-creek-to-kimberley
https://www.alltrails.com/trail/canada/british-columbia/kiwetinok-lake-from-stanley-mitchell-hut/photos,kiwetinok-lake-from-stanley-mitchell-hut
https://www.alltrails.com/trail/canada/british-columbia/wye-lake-via-north-main/photos,wye-lake-via-north-main
https://www.alltrails.com/trail/canada/british-columbia/old-mills-trail/photos,old-mills-trail
https://www.alltrails.com/trail/canada/british-columbia/lake-o-hara-west-opbain-moor-lakes-hungabee-lake-and-lake-oesa/photos,lake-o-hara-west-opbain-moor-lakes-hungabee-lake-and-lake-oesa
https://www.alltrails.com/trail/canada/british-columbia/lone-cone--2/photos,lone-cone--2
https://www.alltrails.com/trail/canada/british-columbia/brew-hut-via-brew-lake-trail/photos,brew-hut-via-brew-lake-trail
https://www.alltrails.com/trail/canada/british-columbia/hill-60--2/photos,hill-60--2
https://www.alltrails.com/trail/canada/british-columbia/deeks-lake/photos,deeks-lake
https://www.alltrails.com/trail/canada/british-columbia/cowmoose-mountain/photos,cowmoose-mountain
https://www.alltrails.com/trail/canada/british-columbia/mount-aeneas-via-pedley-pass/photos,mount-aeneas-via-pedley-pass
https://www.alltrails.com/trail/canada/british-columbia/world-cup-and-sidewinder-trail-loop/photos,world-cup-and-sidewinder-trail-loop
https://www.alltrails.com/trail/canada/british-columbia/prospector-point-snowshoe-trail/photos,prospector-point-snowshoe-trail
https://www.alltrails.com/trail/canada/british-columbia/tunnel-creek-cabin-trail/photos,tunnel-creek-cabin-trail
https://www.alltrails.com/trail/canada/british-columbia/cahill-lake-trail/photos,cahill-lake-trail
https://www.alltrails.com/trail/canada/british-columbia/spruce-lake-via-gun-creek-trail/photos,spruce-lake-via-gun-creek-trail
https://www.alltrails.com/trail/canada/british-columbia/claimstake-mountain/photos,claimstake-mountain
https://www.alltrails.com/trail/canada/british-columbia/thornhill-mountain/photos,thornhill-mountain
https://www.alltrails.com/trail/canada/british-columbia/harvey-mountain-trail/photos,harvey-mountain-trail
https://www.alltrails.com/trail/canada/british-columbia/chipmunk-creek/photos,chipmunk-creek
https://www.alltrails.com/trail/canada/british-columbia/dewdney-and-whatcom-trail-loop/photos,dewdney-and-whatcom-trail-loop
https://www.alltrails.com/trail/canada/british-columbia/blt-mtb-loop/photos,blt-mtb-loop
https://www.alltrails.com/trail/canada/british-columbia/the-big-chill/photos,the-big-chill
https://www.alltrails.com/trail/canada/british-columbia/mackay-creek-and-dreamweaver-trail-loop/photos,mackay-creek-and-dreamweaver-trail-loop
https://www.alltrails.com/trail/canada/british-columbia/pyramid-creek-loop/photos,pyramid-creek-loop
https://www.alltrails.com/trail/canada/british-columbia/mackay-creek-trail/photos,mackay-creek-trail
https://www.alltrails.com/trail/canada/british-columbia/monument-mountain-and-lakespur-hills/photos,monument-mountain-and-lakespur-hills
https://www.alltrails.com/trail/canada/british-columbia/stoyoma-mountain--2/photos,stoyoma-mountain--2
https://www.alltrails.com/trail/canada/british-columbia/mount-wittenberg-via-flora-lake-trail/photos,mount-wittenberg-via-flora-lake-trail
https://www.alltrails.com/trail/canada/british-columbia/laughing-falls-twin-falls-and-whaleback-loop/photos,laughing-falls-twin-falls-and-whaleback-loop
https://www.alltrails.com/trail/canada/british-columbia/statimcets-peak-via-downtown-creek-trail/photos,statimcets-peak-via-downtown-creek-trail
https://www.alltrails.com/trail/canada/british-columbia/mount-troubridge/photos,mount-troubridge
https://www.alltrails.com/trail/canada/british-columbia/emperor-and-empress-mountain-via-peden-lake-trail/photos,emperor-and-empress-mountain-via-peden-lake-trail
https://www.alltrails.com/trail/canada/british-columbia/mcnair-lake-trail/photos,mcnair-lake-trail
https://www.alltrails.com/trail/canada/british-columbia/selwyn-traverse-trail/photos,selwyn-traverse-trail
https://www.alltrails.com/trail/canada/british-columbia/kiwetinok-peak/photos,kiwetinok-peak
https://www.alltrails.com/trail/canada/british-columbia/face-mountain/photos,face-mountain
https://www.alltrails.com/trail/canada/british-columbia/assiniboine-lake/photos,assiniboine-lake
https://www.alltrails.com/trail/canada/british-columbia/ymir-mountain/photos,ymir-mountain
https://www.alltrails.com/trail/canada/british-columbia/pigs-on-the-wing-trail/photos,pigs-on-the-wing-trail
https://www.alltrails.com/trail/canada/british-columbia/pitt-lake-paddle/photos,pitt-lake-paddle
https://www.alltrails.com/trail/canada/british-columbia/seven-sisters-mine/photos,seven-sisters-mine
https://www.alltrails.com/trail/canada/british-columbia/mt-elizabeth-kitimat/photos,mt-elizabeth-kitimat
https://www.alltrails.com/trail/canada/british-columbia/kathleen-mountain/photos,kathleen-mountain
https://www.alltrails.com/trail/canada/british-columbia/world-cup-trail/photos,world-cup-trail
https://www.alltrails.com/trail/canada/british-columbia/baden-powell-trail-deep-cove-to-horseshoe-bay/photos,baden-powell-trail-deep-cove-to-horseshoe-bay
https://www.alltrails.com/trail/canada/british-columbia/stewart-peak-trail/photos,stewart-peak-trail
https://www.alltrails.com/trail/canada/british-columbia/bear-mountain--2/photos,bear-mountain--2
https://www.alltrails.com/trail/canada/british-columbia/cedar-and-boom-trail-loop/photos,cedar-and-boom-trail-loop
https://www.alltrails.com/trail/canada/british-columbia/fifth-horseman-trail/photos,fifth-horseman-trail
https://www.alltrails.com/trail/canada/british-columbia/singing-pass/photos,singing-pass
https://www.alltrails.com/trail/canada/british-columbia/alouette-mountain-trail-via-menzies-and-incline-trail/photos,alouette-mountain-trail-via-menzies-and-incline-trail
https://www.alltrails.com/trail/canada/british-columbia/little-maroon/photos,little-maroon
https://www.alltrails.com/trail/canada/british-columbia/harlech-peak-and-merioneth-peak/photos,harlech-peak-and-merioneth-peak
https://www.alltrails.com/trail/canada/british-columbia/mount-horne/photos,mount-horne
https://www.alltrails.com/trail/canada/british-columbia/shields-lake-campsite-trail-via-grass-lake-trail/photos,shields-lake-campsite-trail-via-grass-lake-trail
https://www.alltrails.com/trail/canada/british-columbia/columbia-trail/photos,columbia-trail
https://www.alltrails.com/trail/canada/british-columbia/molly-and-echo-lakes-loop/photos,molly-and-echo-lakes-loop
https://www.alltrails.com/trail/canada/british-columbia/brewer-ridge/photos,brewer-ridge
https://www.alltrails.com/trail/canada/british-columbia/lost-mountain/photos,lost-mountain
https://www.alltrails.com/trail/canada/british-columbia/snowspider-hut/photos,snowspider-hut
https://www.alltrails.com/trail/canada/british-columbia/tantrum-and-flowdown-trail-loop/photos,tantrum-and-flowdown-trail-loop
https://www.alltrails.com/trail/canada/british-columbia/kootenay-pass/photos,kootenay-pass
https://www.alltrails.com/trail/canada/british-columbia/the-farm/photos,the-farm
https://www.alltrails.com/trail/canada/british-columbia/silverdaisy-trail/photos,silverdaisy-trail
https://www.alltrails.com/trail/canada/british-columbia/whirlwind-peak-from-himmelsbach-hut/photos,whirlwind-peak-from-himmelsbach-hut
https://www.alltrails.com/trail/canada/british-columbia/olivine-mountain/photos,olivine-mountain
https://www.alltrails.com/trail/canada/british-columbia/owlhead-snowmobile-trail/photos,owlhead-snowmobile-trail
https://www.alltrails.com/trail/canada/british-columbia/comfortably-numb-and-young-lust-loop/photos,comfortably-numb-and-young-lust-loop
https://www.alltrails.com/trail/canada/british-columbia/discovery-island-shoreline-route/photos,discovery-island-shoreline-route
https://www.alltrails.com/trail/canada/british-columbia/mount-barbour-from-fsr/photos,mount-barbour-from-fsr
https://www.alltrails.com/trail/canada/british-columbia/jack-the-ripper/photos,jack-the-ripper
https://www.alltrails.com/trail/canada/british-columbia/mount-crawford-and-plaid-lake/photos,mount-crawford-and-plaid-lake
https://www.alltrails.com/trail/canada/british-columbia/monarch-mountain-trail/photos,monarch-mountain-trail
https://www.alltrails.com/trail/canada/british-columbia/mount-kerr-from-stanley-mitchell-hut/photos,mount-kerr-from-stanley-mitchell-hut
https://www.alltrails.com/trail/canada/british-columbia/larch-hills-traverse/photos,larch-hills-traverse
https://www.alltrails.com/trail/canada/british-columbia/metal-dome/photos,metal-dome
https://www.alltrails.com/trail/canada/british-columbia/mcbride-peak--2/photos,mcbride-peak--2
https://www.alltrails.com/trail/canada/british-columbia/seton-ridge-trail/photos,seton-ridge-trail
https://www.alltrails.com/trail/canada/british-columbia/bennys-trail--2/photos,bennys-trail--2
https://www.alltrails.com/trail/canada/british-columbia/mark-berger-traverse/photos,mark-berger-traverse
https://www.alltrails.com/trail/canada/british-columbia/gdt-section-d-field-to-north-saskatchewan-river-crossing/photos,gdt-section-d-field-to-north-saskatchewan-river-crossing
https://www.alltrails.com/trail/canada/british-columbia/coal-creek-trails/photos,coal-creek-trails
https://www.alltrails.com/trail/canada/british-columbia/mamquam-mountain/photos,mamquam-mountain
https://www.alltrails.com/trail/canada/british-columbia/mount-owen-route/photos,mount-owen-route
https://www.alltrails.com/trail/canada/british-columbia/deadman-vidette-criss-creek-loop/photos,deadman-vidette-criss-creek-loop
https://www.alltrails.com/trail/canada/british-columbia/placenta-descenta-trail/photos,placenta-descenta-trail
https://www.alltrails.com/trail/canada/british-columbia/kakwa-lake-trail/photos,kakwa-lake-trail
https://www.alltrails.com/trail/canada/british-columbia/porcupine-creek-trail/photos,porcupine-creek-trail
https://www.alltrails.com/trail/canada/british-columbia/bull-river-bull-mountain/photos,bull-river-bull-mountain
https://www.alltrails.com/trail/canada/british-columbia/bonnevier-ridge-to-buckhorn-campground/photos,bonnevier-ridge-to-buckhorn-campground
https://www.alltrails.com/trail/canada/british-columbia/lake-of-the-woods-goat-lake-trail-and-lakeview-mountain/photos,lake-of-the-woods-goat-lake-trail-and-lakeview-mountain
https://www.alltrails.com/trail/canada/british-columbia/crater-mountain/photos,crater-mountain
https://www.alltrails.com/trail/canada/british-columbia/gibraltar-lookout-trail/photos,gibraltar-lookout-trail
https://www.alltrails.com/trail/canada/british-columbia/shit-happens-big-kahuna-102/photos,shit-happens-big-kahuna-102
https://www.alltrails.com/trail/canada/british-columbia/thynne-mtn/photos,thynne-mtn
https://www.alltrails.com/trail/canada/british-columbia/little-onion-mountain-trail/photos,little-onion-mountain-trail
https://www.alltrails.com/trail/canada/british-columbia/terrace-copper-mountain-loops/photos,terrace-copper-mountain-loops
https://www.alltrails.com/trail/canada/british-columbia/oliver-creek-trail/photos,oliver-creek-trail
https://www.alltrails.com/trail/canada/british-columbia/mount-seton/photos,mount-seton
https://www.alltrails.com/trail/canada/british-columbia/roberts-roost/photos,roberts-roost
https://www.alltrails.com/trail/canada/british-columbia/mount-wesley-trail/photos,mount-wesley-trail
https://www.alltrails.com/trail/canada/british-columbia/stein-valley/photos,stein-valley
https://www.alltrails.com/trail/canada/british-columbia/bornite-mountain/photos,bornite-mountain
https://www.alltrails.com/trail/canada/british-columbia/field-peak/photos,field-peak
https://www.alltrails.com/trail/canada/british-columbia/great-northern-trail/photos,great-northern-trail
https://www.alltrails.com/trail/canada/british-columbia/upper-bottoms-loop/photos,upper-bottoms-loop
https://www.alltrails.com/trail/canada/british-columbia/three-guardsmen/photos,three-guardsmen
https://www.alltrails.com/trail/canada/british-columbia/white-queen-via-hummingbird-pass/photos,white-queen-via-hummingbird-pass
https://www.alltrails.com/trail/canada/british-columbia/lone-goat-mountain-via-skyline/photos,lone-goat-mountain-via-skyline
https://www.alltrails.com/trail/canada/british-columbia/smithers-mountain-biking-mt-hudsons-bay/photos,smithers-mountain-biking-mt-hudsons-bay
https://www.alltrails.com/trail/canada/british-columbia/devils-peak/photos,devils-peak
https://www.alltrails.com/trail/canada/british-columbia/hope-pass-trail-dewdney-trail-loop/photos,hope-pass-trail-dewdney-trail-loop
https://www.alltrails.com/trail/canada/british-columbia/lower-reiseter-lake-via-fletcher-gardiner-trail/photos,lower-reiseter-lake-via-fletcher-gardiner-trail
https://www.alltrails.com/trail/canada/british-columbia/witches-brook/photos,witches-brook
https://www.alltrails.com/trail/canada/british-columbia/mount-bluff-loop/photos,mount-bluff-loop
https://www.alltrails.com/trail/canada/british-columbia/top-of-the-world--3/photos,top-of-the-world--3
https://www.alltrails.com/trail/canada/british-columbia/west-kelowna-to-thirsk-lake-to-headwaters-lakes-to-peachland-ohv-route/photos,west-kelowna-to-thirsk-lake-to-headwaters-lakes-to-peachland-ohv-route
https://www.alltrails.com/trail/canada/british-columbia/okanagan-and-peachland-lake-ohv-trail/photos,okanagan-and-peachland-lake-ohv-trail
https://www.alltrails.com/trail/canada/british-columbia/3-summit-loop/photos,3-summit-loop
https://www.alltrails.com/trail/canada/british-columbia/kingfisher-forge-snowmobile-trail-to-mara-mountain/photos,kingfisher-forge-snowmobile-trail-to-mara-mountain
https://www.alltrails.com/trail/canada/british-columbia/elkhorn-mountain--2/photos,elkhorn-mountain--2
https://www.alltrails.com/trail/canada/british-columbia/eagle-mountain-lookout-and-twin-lakes/photos,eagle-mountain-lookout-and-twin-lakes
https://www.alltrails.com/trail/canada/british-columbia/whitewater-creek-trail/photos,whitewater-creek-trail
https://www.alltrails.com/trail/canada/british-columbia/kaolis-mainline-and-gargamel-loop/photos,kaolis-mainline-and-gargamel-loop
https://www.alltrails.com/trail/canada/british-columbia/north-coast-trail-cape-sutil-to-irony-creek/photos,north-coast-trail-cape-sutil-to-irony-creek
https://www.alltrails.com/trail/canada/british-columbia/middle-needle-and-north-needle/photos,middle-needle-and-north-needle
https://www.alltrails.com/trail/canada/british-columbia/mount-henning-and-10k-area-snowmobile-trail/photos,mount-henning-and-10k-area-snowmobile-trail
https://www.alltrails.com/trail/canada/british-columbia/big-peters-lake-to-mount-fosthall/photos,big-peters-lake-to-mount-fosthall
https://www.alltrails.com/trail/canada/british-columbia/beowulf-trail/photos,beowulf-trail
https://www.alltrails.com/trail/canada/british-columbia/united-empire-trail/photos,united-empire-trail
https://www.alltrails.com/trail/canada/british-columbia/ormond-lake-via-ormond-creek-trail/photos,ormond-lake-via-ormond-creek-trail
https://www.alltrails.com/trail/canada/british-columbia/trapper-s-cabin/photos,trapper-s-cabin
https://www.alltrails.com/trail/canada/british-columbia/hyde-mountain-lookout/photos,hyde-mountain-lookout
https://www.alltrails.com/trail/canada/british-columbia/cloudbase-grind/photos,cloudbase-grind
https://www.alltrails.com/trail/canada/british-columbia/hopeful-trail/photos,hopeful-trail
https://www.alltrails.com/trail/canada/british-columbia/sir-donald-trail/photos,sir-donald-trail
https://www.alltrails.com/trail/canada/british-columbia/tr-pinnacle-peak/photos,tr-pinnacle-peak
https://www.alltrails.com/trail/canada/british-columbia/little-pukeashun-mtn-peak/photos,little-pukeashun-mtn-peak
https://www.alltrails.com/trail/canada/british-columbia/mount-burwell/photos,mount-burwell
https://www.alltrails.com/trail/canada/british-columbia/mount-7-summit--2/photos,mount-7-summit--2
https://www.alltrails.com/trail/canada/british-columbia/mount-beattie-via-hummingbird-pass/photos,mount-beattie-via-hummingbird-pass
https://www.alltrails.com/trail/canada/british-columbia/fire-mountain--4/photos,fire-mountain--4
https://www.alltrails.com/trail/canada/british-columbia/gdt-section-h-kakwa-lake-trailhead-to-northern-terminus/photos,gdt-section-h-kakwa-lake-trailhead-to-northern-terminus
https://www.alltrails.com/trail/canada/british-columbia/sugarbowl-mountain-trail/photos,sugarbowl-mountain-trail
https://www.alltrails.com/trail/canada/british-columbia/eagle-view-and-larch-lake-loop/photos,eagle-view-and-larch-lake-loop
https://www.alltrails.com/trail/canada/british-columbia/iota-mountain-via-lake-lovely-water-trail/photos,iota-mountain-via-lake-lovely-water-trail
https://www.alltrails.com/trail/canada/british-columbia/mount-gething--4/photos,mount-gething--4
https://www.alltrails.com/trail/canada/british-columbia/katherine-lake-trail/photos,katherine-lake-trail
https://www.alltrails.com/trail/canada/british-columbia/mcgilverey-pass/photos,mcgilverey-pass
https://www.alltrails.com/trail/canada/british-columbia/crazy-train-trail/photos,crazy-train-trail
https://www.alltrails.com/trail/canada/british-columbia/gotcha-peak-and-gott-peak-via-blowdown-pass--2/photos,gotcha-peak-and-gott-peak-via-blowdown-pass--2
https://www.alltrails.com/trail/canada/british-columbia/paquette-ridge-trail-to-elk-run-loop--2/photos,paquette-ridge-trail-to-elk-run-loop--2
https://www.alltrails.com/trail/canada/british-columbia/flow-trail/photos,flow-trail
https://www.alltrails.com/trail/canada/british-columbia/trigger-lake-via-gun-creek-trail/photos,trigger-lake-via-gun-creek-trail
https://www.alltrails.com/trail/canada/british-columbia/paint-pots-to-ochre-spring-peak/photos,paint-pots-to-ochre-spring-peak
https://www.alltrails.com/trail/canada/british-columbia/goat-bluffs-trail/photos,goat-bluffs-trail
https://www.alltrails.com/trail/canada/british-columbia/priory-peaks/photos,priory-peaks
https://www.alltrails.com/trail/canada/british-columbia/salmon-river-pond-and-poque-lake/photos,salmon-river-pond-and-poque-lake
https://www.alltrails.com/trail/canada/british-columbia/tuktakamin-mountain/photos,tuktakamin-mountain
https://www.alltrails.com/trail/canada/british-columbia/eagle-pass-snowmobile-trail/photos,eagle-pass-snowmobile-trail
https://www.alltrails.com/trail/canada/british-columbia/nimby/photos,nimby
https://www.alltrails.com/trail/canada/british-columbia/moose-powder-trail/photos,moose-powder-trail
https://www.alltrails.com/trail/canada/british-columbia/liverwurst-peak/photos,liverwurst-peak
https://www.alltrails.com/trail/canada/british-columbia/castle-pass-via-tyaughton-creek-trail/photos,castle-pass-via-tyaughton-creek-trail
https://www.alltrails.com/trail/canada/british-columbia/slalok-mountain/photos,slalok-mountain
https://www.alltrails.com/trail/canada/british-columbia/mount-dione-via-lake-lovelywater/photos,mount-dione-via-lake-lovelywater
https://www.alltrails.com/trail/canada/british-columbia/insanity-trail/photos,insanity-trail
https://www.alltrails.com/trail/canada/british-columbia/north-coast-trail-irony-creek-to-laura-creek/photos,north-coast-trail-irony-creek-to-laura-creek
https://www.alltrails.com/trail/canada/british-columbia/vermilion-peak-trail/photos,vermilion-peak-trail
https://www.alltrails.com/trail/canada/british-columbia/morice-mountain/photos,morice-mountain
https://www.alltrails.com/trail/canada/british-columbia/quadzilla-trail/photos,quadzilla-trail
https://www.alltrails.com/trail/canada/british-columbia/beauty-peak-and-goat-mountain/photos,beauty-peak-and-goat-mountain
https://www.alltrails.com/trail/canada/british-columbia/chisel-peak/photos,chisel-peak
https://www.alltrails.com/trail/canada/british-columbia/spruce-lake-via-high-trail/photos,spruce-lake-via-high-trail
https://www.alltrails.com/trail/canada/british-columbia/mount-stevens/photos,mount-stevens
https://www.alltrails.com/trail/canada/british-columbia/palliser-river-trail/photos,palliser-river-trail
https://www.alltrails.com/trail/canada/british-columbia/sinclair-plateau/photos,sinclair-plateau
https://www.alltrails.com/trail/canada/british-columbia/honey-drop-and-sweet-one/photos,honey-drop-and-sweet-one
https://www.alltrails.com/trail/canada/british-columbia/insanity-one-and-sweet-one/photos,insanity-one-and-sweet-one
https://www.alltrails.com/trail/canada/british-columbia/queen-mary-lake-trail/photos,queen-mary-lake-trail
https://www.alltrails.com/trail/canada/british-columbia/trio-mountain/photos,trio-mountain
https://www.alltrails.com/trail/canada/british-columbia/evacuation-trail/photos,evacuation-trail
https://www.alltrails.com/trail/canada/british-columbia/north-coast-trail-skinner-creek-to-cape-sutil/photos,north-coast-trail-skinner-creek-to-cape-sutil
https://www.alltrails.com/trail/canada/british-columbia/west-peyto-peak/photos,west-peyto-peak
https://www.alltrails.com/trail/canada/british-columbia/amiskwi-pass-trail/photos,amiskwi-pass-trail
https://www.alltrails.com/trail/canada/british-columbia/mount-owen-loop/photos,mount-owen-loop
https://www.alltrails.com/trail/canada/british-columbia/pipe-dream-trail/photos,pipe-dream-trail
https://www.alltrails.com/trail/canada/british-columbia/mount-goldie-trail/photos,mount-goldie-trail
https://www.alltrails.com/trail/canada/british-columbia/hagwilget-peak/photos,hagwilget-peak
https://www.alltrails.com/trail/canada/british-columbia/alpha-mountain-south-face-route/photos,alpha-mountain-south-face-route
https://www.alltrails.com/trail/canada/british-columbia/spruce-lake-via-tyaughton-creek-trail/photos,spruce-lake-via-tyaughton-creek-trail
https://www.alltrails.com/trail/canada/british-columbia/alpha-mountain-east-ridge-route/photos,alpha-mountain-east-ridge-route
https://www.alltrails.com/trail/canada/british-columbia/quinn-peak/photos,quinn-peak
https://www.alltrails.com/trail/canada/british-columbia/warner-pass-trail/photos,warner-pass-trail
https://www.alltrails.com/trail/canada/british-columbia/video-peak/photos,video-peak
https://www.alltrails.com/trail/canada/british-columbia/mount-evans-trail/photos,mount-evans-trail
https://www.alltrails.com/trail/canada/british-columbia/bladu-pass-and-marriott-basin-trail/photos,bladu-pass-and-marriott-basin-trail
https://www.alltrails.com/trail/canada/british-columbia/williams-lake-river-valley-recreation-site-loop-trail/photos,williams-lake-river-valley-recreation-site-loop-trail
https://www.alltrails.com/trail/canada/british-columbia/paton-peak-via-seymour-trailway/photos,paton-peak-via-seymour-trailway
https://www.alltrails.com/trail/canada/british-columbia/big-foot-snowshoe-loop/photos,big-foot-snowshoe-loop
https://www.alltrails.com/trail/canada/british-columbia/colleymount-point/photos,colleymount-point
https://www.alltrails.com/trail/canada/british-columbia/haslam-lake-west-trail/photos,haslam-lake-west-trail
https://www.alltrails.com/trail/canada/british-columbia/wally-s-way-snowshoe-route/photos,wally-s-way-snowshoe-route
https://www.alltrails.com/trail/canada/british-columbia/skywalk-north-and-south-loop/photos,skywalk-north-and-south-loop
